{"cameraMode":{"drawMode":0,"name":"Shaded","section":"Shading Mode"},"sceneLighting":false,"audioPlay":false,"sceneViewState":{"showFog":true,"showMaterialUpdate":true,"showSkybox":false,"showFlares":true,"showImageEffects":true,"showParticleSystems":true},"in2DMode":false,"pivot":{"x":1.3863571882247925,"y":0.9558024406433106,"z":-0.10161495208740235},"rotation":{"x":0.1413125842809677,"y":0.0783584788441658,"z":-0.011058804579079152,"w":0.9868900775909424},"size":7.665879726409912,"orthographic":false}