{"cameraMode":{"drawMode":0,"name":"Shaded","section":"Shading Mode"},"sceneLighting":false,"audioPlay":false,"sceneViewState":{"showFog":true,"showMaterialUpdate":true,"showSkybox":false,"showFlares":true,"showImageEffects":true,"showParticleSystems":true},"in2DMode":false,"pivot":{"x":94.96709442138672,"y":0.3436150550842285,"z":-9.416977882385254},"rotation":{"x":0.13241136074066163,"y":0.8088704347610474,"z":-0.1992211788892746,"w":0.5374547243118286},"size":9.146332740783692,"orthographic":false}