{"cameraMode":{"drawMode":0,"name":"Shaded","section":"Shading Mode"},"sceneLighting":false,"audioPlay":false,"sceneViewState":{"showFog":true,"showMaterialUpdate":true,"showSkybox":false,"showFlares":true,"showImageEffects":true,"showParticleSystems":true},"in2DMode":false,"pivot":{"x":-72.13790893554688,"y":1.9200000762939454,"z":-43.820255279541019},"rotation":{"x":0.09214861690998078,"y":-0.8863075971603394,"z":0.20130567252635957,"w":0.4071122109889984},"size":5.7157673835754398,"orthographic":false}