{"cameraMode":{"drawMode":0,"name":"Shaded","section":"Shading Mode"},"sceneLighting":false,"audioPlay":false,"sceneViewState":{"showFog":true,"showMaterialUpdate":true,"showSkybox":false,"showFlares":true,"showImageEffects":true,"showParticleSystems":true},"in2DMode":false,"pivot":{"x":0.5274543762207031,"y":0.7999999523162842,"z":-2.6871697902679445},"rotation":{"x":-0.2971284091472626,"y":-0.6035323143005371,"z":0.2606678009033203,"w":-0.6929599046707153},"size":4.0685133934021,"orthographic":false}