{"cameraMode":{"drawMode":0,"name":"Shaded","section":"Shading Mode"},"sceneLighting":false,"audioPlay":false,"sceneViewState":{"showFog":true,"showMaterialUpdate":true,"showSkybox":false,"showFlares":true,"showImageEffects":true,"showParticleSystems":true},"in2DMode":false,"pivot":{"x":-83.08683776855469,"y":-7.1939697265625,"z":-82.61264038085938},"rotation":{"x":0.0057867104187607769,"y":-0.9668302536010742,"z":0.25483667850494387,"w":0.023327425122261049},"size":464.54901123046877,"orthographic":false}