{"cameraMode":{"drawMode":0,"name":"Shaded","section":"Shading Mode"},"sceneLighting":false,"audioPlay":false,"sceneViewState":{"showFog":true,"showMaterialUpdate":true,"showSkybox":false,"showFlares":true,"showImageEffects":true,"showParticleSystems":true},"in2DMode":false,"pivot":{"x":3.908797264099121,"y":-0.8431096076965332,"z":6.915740966796875},"rotation":{"x":0.2843225300312042,"y":-0.29241910576820376,"z":0.09152553230524063,"w":0.90848308801651},"size":11.337109565734864,"orthographic":false}